name_submitted,taxonomic_status,accepted_name,accepted_name_url,accepted_family,trait_value_1.2.2,trait_value_1.5.1,trait_value_1.6.3,trait_value_3.2.3,trait_value_3.3.1,trait_value_3.6.1,trait_value_3.7.1,trait_value_3.21.1,trait_value_4.1.3,trait_value_4.5.1,agreement_1.2.2,agreement_1.5.1,agreement_3.3.1,agreement_3.6.1,agreement_3.7.1,agreement_3.21.1,agreement_4.5.1,cv_1.6.3,cv_3.2.3,cv_4.1.3,n_1.2.2,n_1.5.1,n_1.6.3,n_3.2.3,n_3.3.1,n_3.6.1,n_3.7.1,n_3.21.1,n_4.1.3,n_4.5.1
Acer_pseudoplatanus,Accepted,Acer pseudoplatanus,https://powo.science.kew.org/taxon/urn:lsid:ipni.org:names:781462-1,Sapindaceae,tree,independent,21.9333333333333,0.0946594776,anemochorous,biotic,NA,NA,166.8,no,1,1,1,1,NA,NA,1,0.204,0.198,NA,2,6,3,5,2,2,NA,NA,1,1
Alnus_incana,Accepted,Alnus incana,https://powo.science.kew.org/taxon/urn:lsid:ipni.org:names:30106706-2,Betulaceae,NA,independent,8.532,7.647178e-4,anemochorous,abiotic,Mar,NA,205.15,NA,NA,1,1,1,0.667,NA,NA,0.423,0.504,NA,NA,4,5,10,3,3,3,NA,1,NA
Cornus_sanguinea,Accepted,Cornus sanguinea,https://powo.science.kew.org/taxon/urn:lsid:ipni.org:names:271661-1,Cornaceae,shrub,independent,2.219,0.0745273428,zoochorous,biotic,NA,NA,173.78,NA,1,1,1,1,NA,NA,NA,NA,0.238,NA,1,4,1,5,2,2,NA,NA,1,NA
Crataegus_monogyna,Accepted,Crataegus monogyna,https://powo.science.kew.org/taxon/urn:lsid:ipni.org:names:723820-1,Rosaceae,tree,independent,5.66166666666667,0.0901174608333333,zoochorous,biotic,NA,white,113.36,no,0.75,1,1,1,NA,1,1,0.119,0.739,NA,2,7,3,6,4,3,NA,1,1,1
Euonymus_europaeus,Accepted,Euonymus europaeus,https://powo.science.kew.org/taxon/urn:lsid:ipni.org:names:160876-1,Celastraceae,NA,independent,3.562,0.0441878146666667,zoochorous,biotic,May,NA,146.36,NA,NA,1,1,1,1,NA,NA,NA,0.183,NA,NA,2,1,3,3,2,2,NA,1,NA
Fraxinus_excelsior,Accepted,Fraxinus excelsior,https://powo.science.kew.org/taxon/urn:lsid:ipni.org:names:609009-1,Oleaceae,tree,independent,28.6,0.064259159,anemochorous,abiotic,Apr,NA,136.51,NA,1,1,1,1,0.75,NA,NA,NA,0.113,NA,2,7,1,4,2,2,4,NA,1,NA
Lonicera_xylosteum,Accepted,Lonicera xylosteum,https://powo.science.kew.org/taxon/urn:lsid:ipni.org:names:149194-1,Caprifoliaceae,shrub,independent,1.873,0.0576826666666667,zoochorous,biotic,May,NA,241.09,NA,1,1,1,1,1,NA,NA,NA,1.597,NA,1,3,1,3,2,2,3,NA,1,NA
Picea_abies,Accepted,Picea abies,https://powo.science.kew.org/taxon/urn:lsid:ipni.org:names:262609-1,Pinaceae,tree,independent,45,0.0174878858,anemochorous,abiotic,May,NA,68.46,no,1,1,0.667,1,1,NA,1,0.157,1.375,NA,1,3,2,5,3,2,3,NA,1,1
Prunus_padus,Accepted,Prunus padus,https://powo.science.kew.org/taxon/urn:lsid:ipni.org:names:730076-1,Rosaceae,tree,independent,8.55,0.09524928575,zoochorous,biotic,May,NA,216.82,NA,0.75,1,1,1,0.667,NA,NA,0.091,0.434,NA,2,4,2,4,3,2,3,NA,1,NA
Salix_alba,Accepted,Salix alba,https://powo.science.kew.org/taxon/urn:lsid:ipni.org:names:776974-1,Salicaceae,tree,independent,19.04175,1.2e-4,NA,biotic,Apr,NA,118.94,no,1,1,NA,1,0.75,NA,1,0.175,0,NA,2,8,4,2,NA,3,4,NA,1,1
Salix_alba_x_eleagnos,Accepted,Salix alba,https://powo.science.kew.org/taxon/urn:lsid:ipni.org:names:776974-1,Salicaceae,tree,independent,19.04175,1.2e-4,NA,biotic,Apr,NA,118.94,no,1,1,NA,1,0.75,NA,1,0.175,0,NA,2,8,4,2,NA,3,4,NA,1,1
Salix_eleagnos,Accepted,Salix eleagnos,https://powo.science.kew.org/taxon/urn:lsid:ipni.org:names:777510-1,Salicaceae,tree,independent,9.69066666666667,2.5e-4,NA,biotic,NA,NA,NA,no,1,1,NA,1,NA,NA,1,0.921,0,NA,1,2,3,2,NA,2,NA,NA,NA,1
Ulmus_glabra,Accepted,Ulmus glabra,https://powo.science.kew.org/taxon/urn:lsid:ipni.org:names:302887-2,Ulmaceae,tree,independent,35,0.011879125,anemochorous,abiotic,Mar,NA,219.53,NA,1,1,1,1,0.75,NA,NA,NA,0.199,NA,1,4,1,4,1,2,4,NA,1,NA
Corylus_avellana,Accepted,Corylus avellana,https://powo.science.kew.org/taxon/urn:lsid:ipni.org:names:295446-1,Betulaceae,NA,independent,2.833,1.06265125,unspecialized,abiotic,NA,NA,194.4,NA,NA,1,1,1,NA,NA,NA,NA,0.209,NA,NA,4,1,3,1,3,NA,NA,1,NA
Daphne_mezereum,Accepted,Daphne mezereum,https://powo.science.kew.org/taxon/urn:lsid:ipni.org:names:831294-1,Thymelaeaceae,NA,independent,0.762,0.0672833335,zoochorous,biotic,Mar,NA,289.16,NA,NA,1,1,1,0.667,NA,NA,NA,0.491,NA,NA,2,1,2,1,2,3,NA,1,NA
Ligustrum_vulgare,Accepted,Ligustrum vulgare,https://powo.science.kew.org/taxon/urn:lsid:ipni.org:names:610130-1,Oleaceae,shrub,independent,3.73333333333333,0.025908389,zoochorous,biotic,Jun,white,111.5,no,1,1,1,1,0.75,1,1,0.067,0.249,NA,1,9,3,4,2,2,4,1,1,1
Salix_daphnoides,Accepted,Salix daphnoides,https://powo.science.kew.org/taxon/urn:lsid:ipni.org:names:777425-1,Salicaceae,NA,independent,6.5,1.4e-4,anemochorous,biotic,Mar,NA,106.38,NA,NA,1,1,1,1,NA,NA,NA,0,NA,NA,2,1,2,1,1,2,NA,1,NA
Salix_purpurea,Accepted,Salix purpurea,https://powo.science.kew.org/taxon/urn:lsid:ipni.org:names:301321-2,Salicaceae,NA,independent,2.167,9e-5,anemochorous,biotic,Mar,NA,94.97,NA,NA,1,1,1,0.667,NA,NA,NA,0,NA,NA,6,1,2,1,3,3,NA,1,NA
Sambucus_nigra,Accepted,Sambucus nigra,https://powo.science.kew.org/taxon/urn:lsid:ipni.org:names:30122169-2,Viburnaceae,NA,independent,6.1335,0.013038,zoochorous,biotic,NA,NA,196.11,no,NA,1,1,1,NA,NA,1,0.008,1.309,NA,NA,10,2,5,3,3,NA,NA,1,1
Shrub_1,,,,,NA,NA,NA,NA,NA,NA,NA,NA,NA,NA,NA,NA,NA,NA,NA,NA,NA,NA,NA,NA,NA,NA,NA,NA,NA,NA,NA,NA,NA,NA
Shrub_2,,,,,NA,NA,NA,NA,NA,NA,NA,NA,NA,NA,NA,NA,NA,NA,NA,NA,NA,NA,NA,NA,NA,NA,NA,NA,NA,NA,NA,NA,NA,NA
Viburnum_lantana,Accepted,Viburnum lantana,https://powo.science.kew.org/taxon/urn:lsid:ipni.org:names:326265-2,Viburnaceae,NA,independent,3.225,0.0407194375,zoochorous,biotic,May,NA,155.65,NA,NA,1,1,1,0.667,NA,NA,0.23,0.223,NA,NA,1,2,4,2,2,3,NA,1,NA
Aconitum_lycoctonum,Accepted,Aconitum lycoctonum,https://powo.science.kew.org/taxon/urn:lsid:ipni.org:names:707564-1,Ranunculaceae,forb,NA,NA,0.003258,NA,biotic,NA,NA,225.9,NA,1,NA,NA,1,NA,NA,NA,NA,NA,NA,1,NA,NA,1,NA,1,NA,NA,1,NA
Aegopodium_podagraria,Accepted,Aegopodium podagraria,https://powo.science.kew.org/taxon/urn:lsid:ipni.org:names:5849-2,Apiaceae,forb,independent,0.479,0.00188225,autochorous,biotic,Jun,NA,287.97,NA,1,1,1,1,0.667,NA,NA,0.233,0.211,NA,1,4,2,2,1,3,3,NA,1,NA
Agrostis_gigantea,Accepted,Agrostis gigantea,https://powo.science.kew.org/taxon/urn:lsid:ipni.org:names:385783-1,Poaceae,NA,independent,0.828333333333333,8.31666666666667e-5,NA,abiotic,Jun,NA,227.84,NA,NA,1,NA,1,1,NA,NA,0.233,0.11,NA,NA,15,3,3,NA,3,2,NA,1,NA
Agrostis_stolonifera_agg,Accepted,Agrostis stolonifera,https://powo.science.kew.org/taxon/urn:lsid:ipni.org:names:386353-1,Poaceae,NA,independent,0.605,6.16e-5,NA,abiotic,NA,NA,313.29,no,NA,1,NA,1,NA,NA,1,0.012,0.194,NA,NA,16,2,5,NA,4,NA,NA,1,1
Angelica_sylvestris,Accepted,Angelica sylvestris,https://powo.science.kew.org/taxon/urn:lsid:ipni.org:names:837777-1,Apiaceae,forb,independent,0.783,0.002702,NA,biotic,Jul,NA,269.32,NA,1,1,NA,1,0.75,NA,NA,NA,0.018,NA,1,4,1,2,NA,2,4,NA,1,NA
Aquilegia_atrata,Accepted,Aquilegia atrata,https://powo.science.kew.org/taxon/urn:lsid:ipni.org:names:708802-1,Ranunculaceae,herb,independent,0.4,0.0013625,autochorous,NA,NA,NA,NA,NA,1,1,1,NA,NA,NA,NA,NA,0.117,NA,1,2,1,2,1,NA,NA,NA,NA,NA
Asarum_europaeum,Accepted,Asarum europaeum,https://powo.science.kew.org/taxon/urn:lsid:ipni.org:names:302682-2,Aristolochiaceae,herb,independent,0.075,0.003301,zoochorous,NA,Mar,NA,266.25,NA,0.667,1,1,NA,0.667,NA,NA,NA,0.06,NA,3,3,1,2,1,NA,3,NA,1,NA
Brachypodium_sylvaticum,Accepted,Brachypodium sylvaticum,https://powo.science.kew.org/taxon/urn:lsid:ipni.org:names:393196-1,Poaceae,NA,independent,0.7625,0.0025103055,zoochorous,abiotic,NA,NA,443.43,NA,NA,1,1,1,NA,NA,NA,0.116,0.398,NA,NA,8,2,4,1,4,NA,NA,1,NA
Calamagrostis_epigejos,Accepted,Calamagrostis epigejos,https://powo.science.kew.org/taxon/urn:lsid:ipni.org:names:394433-1,Poaceae,graminoid,independent,1,7.15e-5,anemochorous,abiotic,Jun,NA,130.48,NA,1,1,1,1,0.667,NA,NA,NA,0.148,NA,1,7,1,2,2,2,3,NA,1,NA
Calamagrostis_varia,Accepted,Calamagrostis varia,https://powo.science.kew.org/taxon/urn:lsid:ipni.org:names:394901-1,Poaceae,graminoid,independent,0.625,1.265e-4,NA,abiotic,Jul,NA,NA,NA,1,1,NA,1,1,NA,NA,NA,0.039,NA,1,3,1,2,NA,1,1,NA,NA,NA
Cardamine_impatiens,Accepted,Cardamine impatiens,https://powo.science.kew.org/taxon/urn:lsid:ipni.org:names:280391-1,Brassicaceae,forb,independent,0.379,2.34e-4,autochorous,biotic,May,NA,338,NA,1,1,1,1,0.75,NA,NA,0.078,0.266,NA,1,5,2,2,2,2,4,NA,1,NA
Cardamine_trifolia,Accepted,Cardamine trifolia,https://powo.science.kew.org/taxon/urn:lsid:ipni.org:names:280715-1,Brassicaceae,herb,independent,0.175,0.001643,autochorous,NA,NA,NA,NA,NA,1,1,1,NA,NA,NA,NA,NA,NA,NA,3,2,1,1,1,NA,NA,NA,NA,NA
Carduus_personata,Accepted,Carduus personata,https://powo.science.kew.org/taxon/urn:lsid:ipni.org:names:188942-1,Asteraceae,herb,independent,0.825,0.001802,NA,biotic,Jul,NA,NA,NA,1,1,NA,1,1,NA,NA,NA,NA,NA,3,1,1,1,NA,1,2,NA,NA,NA
Carex_acutiformis,Accepted,Carex acutiformis,https://powo.science.kew.org/taxon/urn:lsid:ipni.org:names:298427-1,Cyperaceae,graminoid,independent,0.75,9.155e-4,NA,abiotic,May,NA,160,NA,1,1,NA,1,1,NA,NA,NA,0.27,NA,1,5,1,2,NA,2,1,NA,1,NA
Carex_alba,Accepted,Carex alba,https://powo.science.kew.org/taxon/urn:lsid:ipni.org:names:30265209-2,Cyperaceae,NA,independent,0.1,0.00198925,NA,NA,NA,NA,239.4,NA,NA,1,NA,NA,NA,NA,NA,NA,0.015,NA,NA,4,1,2,NA,NA,NA,NA,1,NA
Carex_brizoides,Accepted,Carex brizoides,https://powo.science.kew.org/taxon/urn:lsid:ipni.org:names:298947-1,Cyperaceae,graminoid,independent,0.5,3e-4,NA,abiotic,NA,NA,248.25,NA,1,1,NA,1,NA,NA,NA,NA,0.071,NA,2,3,1,2,NA,2,NA,NA,1,NA
Carex_digitata,Accepted,Carex digitata,https://powo.science.kew.org/taxon/urn:lsid:ipni.org:names:299459-1,Cyperaceae,graminoid,independent,0.1,0.0012675,NA,abiotic,Apr,NA,303.1,NA,1,1,NA,1,1,NA,NA,NA,0.198,NA,2,4,1,2,NA,2,1,NA,1,NA
Carex_flacca,Accepted,Carex flacca,https://powo.science.kew.org/taxon/urn:lsid:ipni.org:names:299756-1,Cyperaceae,NA,independent,0.2875,9.361365e-4,unspecialized,abiotic,May,NA,152.11,NA,NA,1,1,1,1,NA,NA,0.061,0.096,NA,NA,6,2,2,1,3,2,NA,1,NA
Carex_ornithopoda_sstr,Accepted,Carex ornithopoda,https://powo.science.kew.org/taxon/urn:lsid:ipni.org:names:301357-1,Cyperaceae,herb,independent,0.04,7.975e-4,NA,abiotic,NA,NA,305.8,NA,1,1,NA,1,NA,NA,NA,NA,0.066,NA,3,2,1,2,NA,1,NA,NA,1,NA
Carex_paniculata,Accepted,Carex paniculata,https://powo.science.kew.org/taxon/urn:lsid:ipni.org:names:30075588-2,Cyperaceae,graminoid,independent,0.525,7.81e-4,unspecialized,abiotic,NA,brown,159.82,no,1,1,1,1,NA,1,1,NA,0.053,NA,1,4,1,2,1,2,NA,1,1,1
Carex_pendula,Accepted,Carex pendula,https://powo.science.kew.org/taxon/urn:lsid:ipni.org:names:301492-1,Cyperaceae,graminoid,independent,0.5,6.67444333333333e-4,hydrochorous,abiotic,May,NA,133,NA,1,1,1,1,1,NA,NA,NA,0.041,NA,1,5,1,3,1,3,1,NA,1,NA
Carex_sylvatica,Accepted,Carex sylvatica,https://powo.science.kew.org/taxon/urn:lsid:ipni.org:names:302516-1,Cyperaceae,graminoid,independent,0.425,0.0015385,NA,abiotic,May,NA,309,NA,1,1,NA,1,1,NA,NA,NA,0.091,NA,1,5,1,2,NA,2,2,NA,1,NA
Chaerophyllum_hirsutum_sstr,Accepted,Chaerophyllum hirsutum,https://powo.science.kew.org/taxon/urn:lsid:ipni.org:names:840199-1,Apiaceae,herb,independent,0.575,0.003179,zoochorous,biotic,NA,NA,279.05,NA,1,1,1,1,NA,NA,NA,NA,NA,NA,2,3,1,1,1,1,NA,NA,1,NA
Cicuta_virosa,Accepted,Cicuta virosa,https://powo.science.kew.org/taxon/urn:lsid:ipni.org:names:840414-1,Apiaceae,forb,independent,0.7625,0.00126733333333333,NA,biotic,Jun,NA,209.6,NA,1,1,NA,1,0.667,NA,NA,0.162,0.456,NA,1,3,2,3,NA,2,3,NA,1,NA
Cirsium_arvense,Accepted,Cirsium arvense,https://powo.science.kew.org/taxon/urn:lsid:ipni.org:names:195034-1,Asteraceae,NA,independent,0.720666666666667,0.00150064275,anemochorous,biotic,NA,NA,154.02,no,NA,1,1,1,NA,NA,1,0.183,0.28,NA,NA,13,3,4,4,4,NA,NA,1,1
Cirsium_oleraceum,Accepted,Cirsium oleraceum,https://powo.science.kew.org/taxon/urn:lsid:ipni.org:names:195767-1,Asteraceae,forb,independent,0.8,0.002592,NA,biotic,Jul,NA,300.78,NA,1,1,NA,1,0.667,NA,NA,NA,NA,NA,1,1,1,1,NA,2,3,NA,1,NA
Clematis_vitalba,Accepted,Clematis vitalba,https://powo.science.kew.org/taxon/urn:lsid:ipni.org:names:319145-2,Ranunculaceae,shrub,independent,20,0.002607,NA,biotic,Jun,NA,242.9,no,1,1,NA,0.667,1,NA,1,NA,0.165,NA,1,3,1,2,NA,3,3,NA,1,1
Convallaria_majalis,Accepted,Convallaria majalis,https://powo.science.kew.org/taxon/urn:lsid:ipni.org:names:533487-1,Asparagaceae,forb,independent,0.21,0.052930611,zoochorous,biotic,May,NA,289.67,NA,1,1,1,1,0.667,NA,NA,0.247,1.236,NA,1,2,3,4,2,2,3,NA,1,NA
Corydalis_cava,Accepted,Corydalis cava,https://powo.science.kew.org/taxon/urn:lsid:ipni.org:names:672129-1,Papaveraceae,herb,independent,0.158,0.01015,zoochorous,biotic,Mar,NA,504.05,NA,0.8,1,1,1,0.667,NA,NA,NA,0.23,NA,5,3,1,2,2,2,3,NA,1,NA
Dactylis_glomerata,Accepted,Dactylis glomerata,https://powo.science.kew.org/taxon/urn:lsid:ipni.org:names:397309-1,Poaceae,NA,independent,0.704666666666667,9.18702666666667e-4,NA,abiotic,NA,NA,247.66,NA,NA,1,NA,1,NA,NA,NA,0.328,0.213,NA,NA,19,3,6,NA,4,NA,NA,1,NA
Deschampsia_cespitosa,Accepted,Deschampsia cespitosa,https://powo.science.kew.org/taxon/urn:lsid:ipni.org:names:397953-1,Poaceae,NA,independent,0.515666666666667,0.0055817076,anemochorous,abiotic,NA,NA,202.045,no,NA,1,1,1,NA,NA,1,0.488,2.135,0.384,NA,12,3,5,1,3,NA,NA,2,1
Dipsacus_pilosus,Accepted,Dipsacus pilosus,https://powo.science.kew.org/taxon/urn:lsid:ipni.org:names:319286-1,Caprifoliaceae,NA,independent,0.55,0.0051415,zoochorous,biotic,Jul,NA,528.7,NA,NA,1,1,1,1,NA,NA,NA,0.017,NA,NA,2,1,2,1,2,3,NA,1,NA
Dryopteris_carthusiana,Accepted,Dryopteris carthusiana,https://powo.science.kew.org/taxon/urn:lsid:ipni.org:names:17390210-1,Dryopteridaceae,forb,independent,0.375,NA,anemochorous,abiotic,Jul,NA,251,NA,1,1,1,1,1,NA,NA,NA,NA,NA,1,1,1,NA,1,1,3,NA,1,NA
Equisetum_arvense,Accepted,Equisetum arvense,https://powo.science.kew.org/taxon/urn:lsid:ipni.org:names:300073-2,Equisetaceae,forb,independent,0.2975,NA,NA,abiotic,Mar,NA,103.54,NA,1,1,NA,1,0.667,NA,NA,0.131,NA,NA,1,5,2,NA,NA,2,3,NA,1,NA
Equisetum_hyemale,Accepted,Equisetum hyemale,https://powo.science.kew.org/taxon/urn:lsid:ipni.org:names:92939-2,Equisetaceae,forb,independent,0.95,NA,NA,NA,NA,NA,28.8,NA,1,1,NA,NA,NA,NA,NA,NA,NA,NA,1,2,1,NA,NA,NA,NA,NA,1,NA
Eupatorium_cannabinum,Accepted,Eupatorium cannabinum,https://powo.science.kew.org/taxon/urn:lsid:ipni.org:names:205581-1,Asteraceae,forb,independent,1,3.048335e-4,anemochorous,biotic,Jul,NA,292.26,NA,1,1,1,1,0.667,NA,NA,NA,0.084,NA,1,4,1,2,1,2,3,NA,1,NA
Fagus_sylvatica,Accepted,Fagus sylvatica,https://powo.science.kew.org/taxon/urn:lsid:ipni.org:names:305836-2,Fagaceae,tree,independent,31.071,0.2128102855,NA,abiotic,May,NA,173.92,NA,1,1,NA,1,0.667,NA,NA,NA,0.237,NA,1,4,1,2,NA,2,3,NA,1,NA
Festuca_gigantea,Illegitimate,Patzkea paniculata subsp. paniculata,https://powo.science.kew.org/taxon/urn:lsid:ipni.org:names:77173334-1,Poaceae,NA,NA,NA,NA,NA,NA,NA,NA,NA,NA,NA,NA,NA,NA,NA,NA,NA,NA,NA,NA,NA,NA,NA,NA,NA,NA,NA,NA,NA,NA
Filipendula_ulmaria,Accepted,Filipendula ulmaria,https://powo.science.kew.org/taxon/urn:lsid:ipni.org:names:724943-1,Rosaceae,forb,independent,0.896,7.55e-4,NA,biotic,Jun,NA,243,NA,1,1,NA,1,1,NA,NA,0.164,0.009,NA,1,3,2,2,NA,2,3,NA,1,NA
Galium_aparine,Accepted,Galium aparine,https://powo.science.kew.org/taxon/urn:lsid:ipni.org:names:30007294-2,Rubiaceae,NA,independent,0.559333333333333,0.006411909,zoochorous,biotic,NA,white,346.79,no,NA,1,1,1,NA,1,1,0.448,0.598,NA,NA,16,3,4,2,4,NA,1,1,1
Galium_mollugo_agg,Accepted,Galium mollugo,https://powo.science.kew.org/taxon/urn:lsid:ipni.org:names:750253-1,Rubiaceae,NA,independent,0.7,7.055e-4,unspecialized,biotic,NA,NA,268.76,no,NA,1,1,1,NA,NA,1,0.404,0.009,NA,NA,6,2,4,2,4,NA,NA,1,1
Geranium_phaeum,Accepted,Geranium phaeum,https://powo.science.kew.org/taxon/urn:lsid:ipni.org:names:373470-1,Geraniaceae,herb,independent,0.392,0.00388,NA,biotic,May,NA,343.7,NA,0.667,1,NA,1,1,NA,NA,NA,0.226,NA,3,1,1,2,NA,2,3,NA,1,NA
Geranium_robertianum,Accepted,Geranium robertianum,https://powo.science.kew.org/taxon/urn:lsid:ipni.org:names:109269-2,Geraniaceae,NA,independent,0.2585,0.0014619545,unspecialized,biotic,May,NA,326.83,no,NA,1,1,1,0.75,NA,1,0.227,0.013,NA,NA,8,2,2,1,3,4,NA,1,1
Geum_urbanum,Accepted,Geum urbanum,https://powo.science.kew.org/taxon/urn:lsid:ipni.org:names:725399-1,Rosaceae,forb,independent,0.3835,0.0019582,zoochorous,biotic,May,NA,384.64,NA,1,1,1,1,0.667,NA,NA,0.061,0.022,NA,1,6,2,2,1,2,3,NA,1,NA
Glechoma_hederacea,Accepted,Glechoma hederacea,https://powo.science.kew.org/taxon/urn:lsid:ipni.org:names:447338-1,Lamiaceae,NA,independent,0.288,6.79e-4,zoochorous,biotic,Apr,NA,347.2,NA,NA,1,1,1,0.667,NA,NA,NA,0.028,NA,NA,7,1,3,1,3,3,NA,1,NA
Gymnadenia_odoratissima,Accepted,Gymnadenia odoratissima,https://powo.science.kew.org/taxon/urn:lsid:ipni.org:names:636568-1,Orchidaceae,herb,independent,0.15,NA,anemochorous,biotic,Jun,NA,221.7,NA,1,1,1,1,1,NA,NA,NA,NA,NA,3,3,1,NA,2,1,2,NA,1,NA
Holcus_lanatus,Accepted,Holcus lanatus,https://powo.science.kew.org/taxon/urn:lsid:ipni.org:names:405034-1,Poaceae,NA,independent,0.675,3.3799725e-4,NA,abiotic,NA,NA,340.36,no,NA,1,NA,1,NA,NA,1,0.501,0.166,NA,NA,16,3,4,NA,4,NA,NA,1,1
Holcus_mollis,Accepted,Holcus mollis,https://powo.science.kew.org/taxon/urn:lsid:ipni.org:names:123530-2,Poaceae,graminoid,independent,0.4125,6.72e-4,NA,abiotic,Jun,NA,402.7,NA,1,1,NA,1,0.667,NA,NA,0.471,0.69,NA,1,6,2,2,NA,3,3,NA,1,NA
Humulus_lupulus,Accepted,Humulus lupulus,https://powo.science.kew.org/taxon/urn:lsid:ipni.org:names:303502-2,Cannabaceae,forb,independent,5.5,0.0036835,anemochorous,abiotic,NA,NA,239.67,NA,1,1,1,1,NA,NA,NA,NA,0.159,NA,1,5,1,2,1,2,NA,NA,1,NA
Hypericum_hirsutum,Accepted,Hypericum hirsutum,https://powo.science.kew.org/taxon/urn:lsid:ipni.org:names:433492-1,Hypericaceae,NA,independent,0.575,1.299e-4,anemochorous,biotic,Jul,NA,272,NA,NA,1,1,1,0.667,NA,NA,NA,0.491,NA,NA,3,1,2,1,2,3,NA,1,NA
Hypericum_montanum,Accepted,Hypericum montanum,https://powo.science.kew.org/taxon/urn:lsid:ipni.org:names:433620-1,Hypericaceae,forb,independent,0.35,2.71933333333333e-4,NA,biotic,Jun,NA,246,NA,1,1,NA,1,0.667,NA,NA,NA,1.331,NA,1,2,1,3,NA,2,3,NA,1,NA
Hypericum_tetrapterum,Accepted,Hypericum tetrapterum,https://powo.science.kew.org/taxon/urn:lsid:ipni.org:names:433905-1,Hypericaceae,NA,independent,0.454,4.6e-5,NA,biotic,Jul,NA,361,no,NA,1,NA,1,0.75,NA,1,0.299,0.123,NA,NA,4,2,2,NA,3,4,NA,1,1
Impatiens_glandulifera,Accepted,Impatiens glandulifera,https://powo.science.kew.org/taxon/urn:lsid:ipni.org:names:30221088-2,Balsaminaceae,NA,independent,1.25,0.011906,NA,biotic,NA,NA,383,no,NA,1,NA,1,NA,NA,1,NA,0.207,NA,NA,4,1,2,NA,3,NA,NA,1,1
Impatiens_noli-tangere,Accepted,Impatiens noli-tangere,https://powo.science.kew.org/taxon/urn:lsid:ipni.org:names:30208246-2,Balsaminaceae,forb,independent,0.417,0.005575,autochorous,biotic,NA,NA,453.81,NA,1,1,1,1,NA,NA,NA,NA,0.151,NA,1,4,1,2,1,1,NA,NA,1,NA
Knautia_dipsacifolia,Accepted,Knautia dipsacifolia,https://powo.science.kew.org/taxon/urn:lsid:ipni.org:names:319367-1,Caprifoliaceae,forb,independent,0.4,0.00487,zoochorous,biotic,Jun,NA,220.7,NA,1,1,1,1,1,NA,NA,NA,NA,NA,1,2,1,1,2,1,3,NA,1,NA
Lamium_maculatum,Accepted,Lamium maculatum,https://powo.science.kew.org/taxon/urn:lsid:ipni.org:names:448886-1,Lamiaceae,forb,independent,0.375,0.00167,autochorous,biotic,Apr,NA,316.2,NA,1,1,1,1,0.667,NA,NA,NA,NA,NA,1,5,1,1,1,2,3,NA,1,NA
Lathyrus_pratensis,Accepted,Lathyrus pratensis,https://powo.science.kew.org/taxon/urn:lsid:ipni.org:names:501954-1,Fabaceae,forb,independent,0.567,0.01205385,autochorous,biotic,Jun,NA,254.16,NA,1,1,1,1,1,NA,NA,NA,0.006,NA,1,3,1,2,1,2,3,NA,1,NA
Leucanthemum_vulgare,Accepted,Leucanthemum vulgare,https://powo.science.kew.org/taxon/urn:lsid:ipni.org:names:30296198-2,Asteraceae,NA,independent,0.50975,8.119666e-4,NA,biotic,May,NA,192.73,no,NA,1,NA,1,1,NA,1,0.39,1.009,NA,NA,12,4,5,NA,4,4,NA,1,1
Lycopus_europaeus,Accepted,Lycopus europaeus,https://powo.science.kew.org/taxon/urn:lsid:ipni.org:names:449641-1,Lamiaceae,NA,independent,0.6085,2.82555666666667e-4,NA,biotic,NA,NA,633.5,no,NA,1,NA,1,NA,NA,1,0.096,0.161,NA,NA,8,2,3,NA,4,NA,NA,1,1
Lysimachia_vulgaris,Accepted,Lysimachia vulgaris,https://powo.science.kew.org/taxon/urn:lsid:ipni.org:names:701414-1,Primulaceae,forb,independent,0.898,2.36e-4,autochorous,biotic,Jun,NA,263.16,NA,1,1,1,1,1,NA,NA,0.003,0.575,NA,1,3,2,2,1,2,3,NA,1,NA
Melica_nutans,Accepted,Melica nutans,https://powo.science.kew.org/taxon/urn:lsid:ipni.org:names:408086-1,Poaceae,NA,independent,0.225,0.002477,anemochorous,abiotic,May,NA,287.25,NA,NA,1,1,1,1,NA,NA,NA,NA,NA,NA,5,1,1,1,2,2,NA,1,NA
Mentha_aquatica,Accepted,Mentha aquatica,https://powo.science.kew.org/taxon/urn:lsid:ipni.org:names:450192-1,Lamiaceae,NA,independent,0.383,1.16583333333333e-4,hydrochorous,biotic,Jul,NA,299.64,NA,NA,1,1,1,0.667,NA,NA,NA,0.123,NA,NA,13,1,3,2,3,3,NA,1,NA
Mentha_aquatica_x_spicata,Accepted,Mentha aquatica,https://powo.science.kew.org/taxon/urn:lsid:ipni.org:names:450192-1,Lamiaceae,NA,independent,0.383,1.16583333333333e-4,hydrochorous,biotic,Jul,NA,299.64,NA,NA,1,1,1,0.667,NA,NA,NA,0.123,NA,NA,13,1,3,2,3,3,NA,1,NA
Mercurialis_perennis,Accepted,Mercurialis perennis,https://powo.science.kew.org/taxon/urn:lsid:ipni.org:names:352211-1,Euphorbiaceae,herb,independent,0.217,0.0058041665,NA,NA,Apr,NA,256.83,NA,0.667,1,NA,NA,1,NA,NA,NA,0.005,NA,3,4,1,2,NA,NA,2,NA,1,NA
Molinia_arundinacea,Accepted,Molinia arundinacea,https://powo.science.kew.org/taxon/urn:lsid:ipni.org:names:408807-1,Poaceae,graminoid,independent,NA,NA,NA,NA,Jul,NA,NA,NA,1,1,NA,NA,1,NA,NA,NA,NA,NA,1,2,NA,NA,NA,NA,1,NA,NA,NA
Molinia_caerulea,Accepted,Molinia caerulea,https://powo.science.kew.org/taxon/urn:lsid:ipni.org:names:98382-3,Poaceae,graminoid,independent,0.788,7.42666666666667e-4,anemochorous,abiotic,Jul,NA,196.37,NA,1,1,1,1,0.667,NA,NA,NA,0.033,NA,1,3,1,3,1,2,3,NA,1,NA
Myosotis_scorpioides,Accepted,Myosotis scorpioides,https://powo.science.kew.org/taxon/urn:lsid:ipni.org:names:119235-1,Boraginaceae,NA,independent,0.369,8.75666666666667e-4,hydrochorous,biotic,NA,NA,430.63,no,NA,1,0.667,1,NA,NA,1,0.349,1.128,NA,NA,8,2,3,3,3,NA,NA,1,1
Neottia_ovata,Accepted,Neottia ovata,https://powo.science.kew.org/taxon/urn:lsid:ipni.org:names:645363-1,Orchidaceae,forb,independent,0.14,NA,anemochorous,biotic,May,NA,280.3,NA,1,1,1,1,0.667,NA,NA,NA,NA,NA,1,5,1,NA,1,2,3,NA,1,NA
Petasites_hybridus,Accepted,Petasites hybridus,https://powo.science.kew.org/taxon/urn:lsid:ipni.org:names:237374-1,Asteraceae,forb,independent,0.575,2.14e-4,NA,biotic,NA,NA,220.4,NA,1,1,NA,1,NA,NA,NA,NA,0.071,NA,1,2,1,3,NA,2,NA,NA,1,NA
Phalaris_arundinacea,Accepted,Phalaris arundinacea,https://powo.science.kew.org/taxon/urn:lsid:ipni.org:names:415571-1,Poaceae,NA,independent,1.41666666666667,7.14878666666667e-4,NA,abiotic,Jun,NA,244.18,no,NA,1,NA,1,0.75,NA,1,0.073,0.164,NA,NA,15,3,3,NA,3,4,NA,1,1
Phragmites_australis,Accepted,Phragmites australis,https://powo.science.kew.org/taxon/urn:lsid:ipni.org:names:30337627-2,Poaceae,NA,independent,3.075,4.2729175e-4,anemochorous,abiotic,NA,NA,163.03,no,NA,1,1,1,NA,NA,1,0.28,1.627,NA,NA,25,4,4,3,4,NA,NA,1,2
Pimpinella_major,Accepted,Pimpinella major,https://powo.science.kew.org/taxon/urn:lsid:ipni.org:names:846901-1,Apiaceae,forb,independent,0.658,0.0020776,NA,biotic,Jun,NA,235.83,NA,1,1,NA,1,0.667,NA,NA,NA,0.049,NA,1,2,1,2,NA,2,3,NA,1,NA
Pleurospermum_austriacum,Accepted,Pleurospermum austriacum,https://powo.science.kew.org/taxon/urn:lsid:ipni.org:names:847217-1,Apiaceae,herb,independent,0.825,0.00421,hydrochorous,biotic,NA,NA,NA,NA,1,1,1,1,NA,NA,NA,NA,NA,NA,2,1,1,1,2,1,NA,NA,NA,NA
Poa_compressa,Accepted,Poa compressa,https://powo.science.kew.org/taxon/urn:lsid:ipni.org:names:204172-2,Poaceae,NA,independent,0.415,2.01866666666667e-4,unspecialized,abiotic,Jun,NA,194.2,NA,NA,1,1,1,0.667,NA,NA,0.43,0.079,NA,NA,7,3,3,1,3,3,NA,1,NA
Poa_palustris,Accepted,Poa palustris,https://powo.science.kew.org/taxon/urn:lsid:ipni.org:names:204398-2,Poaceae,NA,independent,0.772666666666667,1.87633333333333e-4,anemochorous,abiotic,Jun,NA,292.78,no,NA,1,1,1,0.667,NA,1,0.585,0.263,NA,NA,6,3,3,1,3,3,NA,1,1
Potentilla_neumanniana,Accepted,Potentilla neumanniana,https://www.worldfloraonline.org/taxon/wfo-0000995744,Rosaceae,NA,NA,NA,NA,NA,NA,NA,NA,NA,NA,NA,NA,NA,NA,NA,NA,NA,NA,NA,NA,NA,NA,NA,NA,NA,NA,NA,NA,NA,NA
Primula_elatior,Accepted,Primula elatior,https://powo.science.kew.org/taxon/urn:lsid:ipni.org:names:701870-1,Primulaceae,herb,independent,0.113,6.51e-4,anemochorous,biotic,NA,NA,323.02,NA,0.667,1,0.667,1,NA,NA,NA,NA,0.432,NA,3,1,1,2,3,2,NA,NA,1,NA
Prunella_vulgaris,Accepted,Prunella vulgaris,https://powo.science.kew.org/taxon/urn:lsid:ipni.org:names:455176-1,Lamiaceae,NA,independent,0.251,8.84807142857143e-4,NA,biotic,NA,NA,295.45,no,NA,1,NA,1,NA,NA,1,0.727,0.217,NA,NA,17,3,7,NA,4,NA,NA,1,1
Pulmonaria_officinalis,Accepted,Pulmonaria officinalis,https://powo.science.kew.org/taxon/urn:lsid:ipni.org:names:120402-1,Boraginaceae,forb,independent,0.15,0.00364,zoochorous,biotic,NA,NA,296.95,NA,1,1,1,1,NA,NA,NA,NA,0,NA,1,1,1,2,1,2,NA,NA,1,NA
Quercus_robur,Accepted,Quercus robur,https://powo.science.kew.org/taxon/urn:lsid:ipni.org:names:304293-2,Fagaceae,tree,independent,30,3.432486625,NA,abiotic,Apr,NA,148.43,no,1,1,NA,1,0.75,NA,1,0.471,0.023,NA,1,7,2,2,NA,3,4,NA,1,1
Ranunculus_repens,Accepted,Ranunculus repens,https://powo.science.kew.org/taxon/urn:lsid:ipni.org:names:713678-1,Ranunculaceae,NA,independent,0.426,0.00586225,hydrochorous,biotic,May,yellow,247.25,no,NA,1,1,1,0.75,1,1,0.611,1.176,NA,NA,10,2,4,2,4,4,1,1,1
Rosa_canina,Accepted,Rosa canina,https://powo.science.kew.org/taxon/urn:lsid:ipni.org:names:731955-1,Rosaceae,NA,independent,1.75,0.139688968333333,zoochorous,biotic,NA,NA,122.58,no,NA,1,1,1,NA,NA,1,0.202,0.976,NA,NA,11,2,3,3,3,NA,NA,1,1
Rubus_caesius,Accepted,Rubus caesius,https://powo.science.kew.org/taxon/urn:lsid:ipni.org:names:735608-1,Rosaceae,NA,independent,0.9875,0.003694625,zoochorous,biotic,NA,NA,193,NA,NA,1,1,1,NA,NA,NA,0.734,0.026,NA,NA,5,2,2,2,3,NA,NA,1,NA
Rubus_idaeus,Accepted,Rubus idaeus,https://powo.science.kew.org/taxon/urn:lsid:ipni.org:names:298089-2,Rosaceae,subshrub,independent,1.42142857142857,0.0167451632857143,zoochorous,biotic,May,NA,246.95,NA,1,1,1,1,0.667,NA,NA,0.257,2.39,NA,1,7,7,7,3,2,3,NA,1,NA
Salvia_glutinosa,Accepted,Salvia glutinosa,https://powo.science.kew.org/taxon/urn:lsid:ipni.org:names:456289-1,Lamiaceae,forb,independent,0.475,0.00412825,zoochorous,biotic,NA,NA,536.2,NA,1,1,1,1,NA,NA,NA,NA,0.245,NA,1,3,1,2,2,1,NA,NA,1,NA
Scirpus_sylvaticus,Accepted,Scirpus sylvaticus,https://powo.science.kew.org/taxon/urn:lsid:ipni.org:names:314368-1,Cyperaceae,graminoid,independent,0.775,1.255835e-4,NA,abiotic,May,NA,223.85,NA,0.667,1,NA,1,1,NA,NA,NA,0.029,NA,3,4,1,2,NA,2,3,NA,1,NA
Scrophularia_nodosa,Accepted,Scrophularia nodosa,https://powo.science.kew.org/taxon/urn:lsid:ipni.org:names:30088899-2,Scrophulariaceae,forb,independent,0.583,9.9e-5,anemochorous,biotic,Jun,NA,260,NA,1,1,1,1,0.667,NA,NA,NA,NA,NA,1,4,1,1,1,2,3,NA,1,NA
Scutellaria_galericulata,Accepted,Scutellaria galericulata,https://powo.science.kew.org/taxon/urn:lsid:ipni.org:names:458280-1,Lamiaceae,forb,independent,0.242,7.065e-4,hydrochorous,biotic,Jun,NA,395.07,NA,1,1,1,1,1,NA,NA,NA,0.087,NA,1,5,1,2,1,2,3,NA,1,NA
Senecio_ovatus,Accepted,Senecio ovatus,https://powo.science.kew.org/taxon/urn:lsid:ipni.org:names:246691-1,Asteraceae,herb,independent,NA,0.00117,NA,biotic,Jul,NA,NA,NA,0.75,1,NA,1,1,NA,NA,NA,NA,NA,4,1,NA,1,NA,2,3,NA,NA,NA
Solidago_gigantea,Accepted,Solidago gigantea,https://powo.science.kew.org/taxon/urn:lsid:ipni.org:names:249575-1,Asteraceae,forb,independent,1.9375,2.8783325e-4,anemochorous,biotic,Jul,NA,202.5,NA,1,1,1,1,0.75,NA,NA,0.411,0.872,NA,1,4,2,4,1,3,4,NA,1,NA
Stachys_sylvatica,Accepted,Stachys sylvatica,https://powo.science.kew.org/taxon/urn:lsid:ipni.org:names:460020-1,Lamiaceae,forb,independent,0.646,0.0011995,NA,biotic,Jun,NA,418.02,no,1,1,NA,1,0.75,NA,1,0.337,0.235,NA,1,4,2,2,NA,3,4,NA,1,1
Symphytum_officinale,Accepted,Symphytum officinale,https://powo.science.kew.org/taxon/urn:lsid:ipni.org:names:120815-1,Boraginaceae,NA,independent,0.5835,0.0097245,zoochorous,biotic,May,NA,250.23,NA,NA,1,1,1,0.75,NA,NA,0.04,0.204,NA,NA,5,2,2,1,2,4,NA,1,NA
Thalictrum_aquilegiifolium,Accepted,Thalictrum aquilegiifolium,https://powo.science.kew.org/taxon/urn:lsid:ipni.org:names:714234-1,Ranunculaceae,forb,independent,0.675,0.002,anemochorous,NA,May,NA,342.7,NA,1,1,0.667,NA,0.667,NA,NA,NA,NA,NA,1,4,1,1,3,NA,3,NA,1,NA
Urtica_dioica,Accepted,Urtica dioica,https://powo.science.kew.org/taxon/urn:lsid:ipni.org:names:260630-2,Urticaceae,NA,independent,0.987333333333333,9.2e-5,NA,abiotic,NA,NA,284.8,no,NA,1,NA,1,NA,NA,1,0.188,1.414,NA,NA,17,3,2,NA,4,NA,NA,1,2
Valeriana_dioica,Accepted,Valeriana dioica,https://powo.science.kew.org/taxon/urn:lsid:ipni.org:names:30028947-2,Caprifoliaceae,forb,independent,0.18,6.761665e-4,anemochorous,biotic,May,NA,303,NA,1,1,1,1,0.667,NA,NA,NA,0.257,NA,1,2,1,2,1,2,3,NA,1,NA
Valeriana_excelsa_subsp_excelsa,Accepted,Valeriana excelsa subsp. excelsa,https://powo.science.kew.org/taxon/urn:lsid:ipni.org:names:77225625-1,Caprifoliaceae,NA,NA,NA,NA,NA,NA,NA,NA,NA,NA,NA,NA,NA,NA,NA,NA,NA,NA,NA,NA,NA,NA,NA,NA,NA,NA,NA,NA,NA,NA
Valeriana_officinalis,Accepted,Valeriana officinalis,https://powo.science.kew.org/taxon/urn:lsid:ipni.org:names:860012-1,Caprifoliaceae,forb,independent,0.525,9.0625e-4,anemochorous,biotic,NA,NA,411.975,NA,1,1,1,1,NA,NA,NA,0,0.187,0.304,1,4,2,4,1,2,NA,NA,2,NA
Vicia_cracca_sstr,Accepted,Vicia cracca,https://powo.science.kew.org/taxon/urn:lsid:ipni.org:names:30263827-2,Fabaceae,NA,independent,0.6715,0.57659609375,autochorous,biotic,Jun,NA,254.33,yes,NA,1,1,1,0.75,NA,1,0.445,1.951,NA,NA,5,2,4,1,2,4,NA,1,1
Vinca_minor,Accepted,Vinca minor,https://powo.science.kew.org/taxon/urn:lsid:ipni.org:names:82701-1,Apocynaceae,forb,independent,0.339,0.00613,unspecialized,biotic,Apr,NA,247,no,1,1,1,1,1,NA,1,1.039,0,NA,1,4,2,2,1,3,1,NA,1,1
Viola_odorata,Accepted,Viola odorata,https://powo.science.kew.org/taxon/urn:lsid:ipni.org:names:868828-1,Violaceae,NA,independent,0.192666666666667,0.003262111,NA,biotic,NA,NA,293.5,no,NA,1,NA,1,NA,NA,1,0.463,0.276,NA,NA,15,3,3,NA,3,NA,NA,1,1
Carex SU3,Accepted,Carex,https://powo.science.kew.org/taxon/urn:lsid:ipni.org:names:330029-2,Cyperaceae,NA,NA,NA,NA,NA,NA,NA,NA,NA,NA,NA,NA,NA,NA,NA,NA,NA,NA,NA,NA,NA,NA,NA,NA,NA,NA,NA,NA,NA,NA
